{"root_pose": [3.3507988452911377, -0.008464361540973186, 0.01743684522807598], "body_pose": [[-0.12105273455381393, -0.03661290556192398, 0.024829303845763206], [-0.24186143279075623, 0.017827261239290237, -0.0721890926361084], [0.007004899904131889, -0.006407635752111673, 0.004037230741232634], [0.34989607334136963, -0.04347589239478111, 0.04429645091295242], [0.5011705756187439, -0.005476673133671284, 0.035223543643951416], [-0.003764108056202531, 0.001799816731363535, 0.00991254486143589], [-0.35965391993522644, 0.38044601678848267, -0.22997097671031952], [-0.26417896151542664, -0.36936596035957336, 0.2583560645580292], [-0.007408574689179659, 0.002069071400910616, 0.006891661789268255], [0.2173783779144287, 0.22623369097709656, 0.05805309861898422], [0.14299243688583374, -0.36923205852508545, -0.009617087431252003], [-0.019146965816617012, -0.016708308830857277, 0.061940234154462814], [-0.10878163576126099, -0.06372389942407608, -0.06012904271483421], [-0.07641732692718506, 0.020651493221521378, 0.0885394886136055], [-0.030341101810336113, 0.003104222472757101, -0.05269666388630867], [-0.023657673969864845, -0.10892245173454285, -0.39995574951171875], [-0.028080277144908905, 0.04448563605546951, 0.368409663438797], [-0.056430451571941376, -0.4858061373233795, 0.20091813802719116], [-0.1077650859951973, 0.5274533629417419, -0.2632741928100586], [-1.2187600135803223, 0.1334877610206604, 0.16834035515785217], [-1.0929656028747559, -0.16545993089675903, -0.2601958215236664]], "jaw_pose": [0.0035004480741918087, 0.0007044448866508901, 0.01812371239066124], "leye_pose": [-3.2266984817397315e-06, 4.938336587656522e-06, 1.483828896198247e-06], "reye_pose": [8.939994131651474e-07, -1.7519054154035985e-06, 6.44340104827279e-07], "lhand_pose": [[0.014736033976078033, -0.12240757048130035, 0.23871269822120667], [-0.06461168825626373, 0.004215824883431196, 0.7886466383934021], [0.05487100034952164, 0.10186389088630676, 0.27565398812294006], [0.21895959973335266, -0.21786199510097504, 0.24674519896507263], [0.015477198176085949, -0.01900036446750164, 0.5827954411506653], [-0.006267380900681019, 0.04296788200736046, 0.3690479099750519], [0.3100092113018036, 0.08941781520843506, 0.2726401090621948], [0.21471011638641357, 0.06249910965561867, 0.1993950456380844], [0.10562855005264282, 0.05726459249854088, 0.354735404253006], [0.12720556557178497, -0.04804399982094765, 0.24804069101810455], [0.21413932740688324, 0.1036844402551651, 0.5572119951248169], [0.08421395719051361, 0.01840638555586338, 0.3536851704120636], [-0.39571425318717957, -0.01041057612746954, 0.17944616079330444], [-0.053604856133461, -0.18182991445064545, -0.08748934417963028], [-0.2885955274105072, -0.2840772271156311, 0.416288822889328]], "rhand_pose": [[-0.08315829932689667, 0.11406479775905609, -0.19290409982204437], [-0.06324300169944763, 0.002443110104650259, -0.7513816952705383], [0.09243014454841614, -0.08023618906736374, -0.27120494842529297], [0.16228078305721283, 0.23758651316165924, -0.21164163947105408], [0.031719598919153214, 0.05442352965474129, -0.6178452968597412], [-0.03766651451587677, -0.06965232640504837, -0.3490113615989685], [0.6745550632476807, 0.21751771867275238, -0.27435818314552307], [-0.24541427195072174, -0.006490414962172508, -0.2136143296957016], [0.19373300671577454, 0.08634298294782639, -0.1447598934173584], [0.21920742094516754, 0.12690412998199463, -0.25080642104148865], [0.09826428443193436, 0.010161361657083035, -0.5243250727653503], [0.043846406042575836, -0.06074905768036842, -0.3277662694454193], [-0.46773242950439453, 0.2356896996498108, -0.22741970419883728], [-0.04432331398129463, 0.16185717284679413, 0.27723386883735657], [-0.2604675590991974, 0.13261806964874268, -0.5059995651245117]], "expr": [0.13104718923568726, 0.6940925717353821, 0.3622976839542389, 0.8395217657089233, -0.5592066049575806, -0.295701801776886, -0.36392471194267273, -0.4736498296260834, 0.6594673991203308, 0.30435457825660706, -0.98736971616745, 0.6648651957511902, -0.3137534558773041, 0.3308979570865631, -0.0546661913394928, -0.5763286352157593, -0.6194270849227905, -0.3635317385196686, 0.22693675756454468, 0.6756877303123474, 0.2638092041015625, -0.7881696224212646, 0.8965392112731934, 0.052235230803489685, -0.2579208314418793, 0.5339406132698059, -0.009274150244891644, 0.22830089926719666, 0.11647562682628632, 0.28946390748023987, -0.13619261980056763, -0.009248193353414536, 0.10763675719499588, -0.09221623092889786, 0.24392908811569214, 0.18947090208530426, -0.2344048023223877, -0.04534611478447914, -0.08627825975418091, -0.009779672138392925, -0.09323544055223465, -0.009712908416986465, 0.18879888951778412, 0.06074342131614685, -0.08937136083841324, -0.11717937886714935, 0.0009277465869672596, 0.12614265084266663, 0.03016151674091816, 0.21605342626571655], "trans": [0.008744587190449238, 0.38165977597236633, 6.116302967071533]}