{"transl":[0.0,0.0,0.0],"global_orient":[-1.1920929E-07,0.0,0.0],"body_pose":[-1.1920929E-07,0.0,0.0,-1.1920929E-07,0.0,0.0,-1.1920929E-07,0.0,0.0,-1.1920929E-07,0.0,0.0,-1.1920929E-07,0.0,0.0,-1.1920929E-07,0.0,0.0,-1.1920929E-07,0.0,0.0,-1.1920929E-07,0.0,0.0,-1.1920929E-07,0.0,0.0,-1.1920929E-07,0.0,0.0,-1.1920929E-07,0.0,0.0,-1.1920929E-07,0.0,0.0,-1.1920929E-07,-1.04294609E-08,-0.174977317,-1.1920929E-07,1.04294609E-08,0.174977317,-1.1920929E-07,0.0,0.0,-1.1920929E-07,-4.93781E-08,-0.8284271,-1.1920929E-07,4.93781E-08,0.8284271,-1.1920929E-07,-4.93781E-08,-0.8284271,-1.1920929E-07,4.93781E-08,0.8284271,-1.1920929E-07,-4.93781E-08,-0.8284271,-1.1920929E-07,4.93781E-08,0.8284271],"left_hand_pose":[-1.1920929E-07,-4.93781E-08,-0.8284271,-1.1920929E-07,-4.93781E-08,-0.8284271,-1.1920929E-07,-4.93781E-08,-0.8284271,-1.1920929E-07,-4.93781E-08,-0.8284271,-1.1920929E-07,-4.93781E-08,-0.8284271,-1.1920929E-07,-4.93781E-08,-0.8284271,-1.1920929E-07,-4.93781E-08,-0.8284271,-1.1920929E-07,-4.93781E-08,-0.8284271,-1.1920929E-07,-4.93781E-08,-0.8284271,-1.1920929E-07,-4.93781E-08,-0.8284271,-1.1920929E-07,-4.93781E-08,-0.8284271,-1.1920929E-07,-4.93781E-08,-0.8284271,-1.1920929E-07,-4.93781E-08,-0.8284271,-1.1920929E-07,-4.93781E-08,-0.8284271,-1.1920929E-07,-4.93781E-08,-0.8284271],"right_hand_pose":[-1.1920929E-07,4.93781E-08,0.8284271,-1.1920929E-07,4.93781E-08,0.8284271,-1.1920929E-07,4.93781E-08,0.8284271,-1.1920929E-07,4.93781E-08,0.8284271,-1.1920929E-07,4.93781E-08,0.8284271,-1.1920929E-07,4.93781E-08,0.8284271,-1.1920929E-07,4.93781E-08,0.8284271,-1.1920929E-07,4.93781E-08,0.8284271,-1.1920929E-07,4.93781E-08,0.8284271,-1.1920929E-07,4.93781E-08,0.8284271,-1.1920929E-07,4.93781E-08,0.8284271,-1.1920929E-07,4.93781E-08,0.8284271,-1.1920929E-07,4.93781E-08,0.8284271,-1.1920929E-07,4.93781E-08,0.8284271,-1.1920929E-07,4.93781E-08,0.8284271],"leye_pose":[-1.1920929E-07,0.0,0.0],"reye_pose":[-1.1920929E-07,0.0,0.0],"jaw_pose":[-1.1920929E-07,0.0,0.0],"expression":[0.0,0.0,0.0,0.0,0.0,0.0,0.0,0.0,0.0,0.0],"betas":[0.0,0.0,0.0,0.0,0.0,0.0,0.0,0.0,0.0,0.0]}